hierarchyId	pCFID	name	folderName	verb	object	processGroup
1.1.1	10017	Assess the external environment	1.1.1-AssessTheExternalEnvironment	Assess	External Environment	Define the business concept and long-term vision
1.1.2	10018	Survey market and determine customer needs and wants	1.1.2-SurveyMarketAndDetermineCustomerNeedsAndWants	Survey	Market And Determine Customer Needs And Wants	Define the business concept and long-term vision
1.1.3	10019	Assess the internal environment	1.1.3-AssessTheInternalEnvironment	Assess	Internal Environment	Define the business concept and long-term vision
1.1.4	10020	Establish strategic vision	1.1.4-EstablishStrategicVision	Establish	Strategic Vision	Define the business concept and long-term vision
1.1.5	16792	Conduct organization restructuring opportunities	1.1.5-ConductOrganizationRestructuringOpportunities	Conduct	Organization Restructuring Opportunities	Define the business concept and long-term vision
1.2.1	10037	Develop overall mission statement	1.2.1-DevelopOverallMissionStatement	Develop	Overall Mission Statement	Develop business strategy
1.2.2	10038	Define and evaluate strategic options to achieve the objectives	1.2.2-DefineAndEvaluateStrategicOptionsToAchieveTheObjectives	Define	And Evaluate Strategic Options To Achieve Objectives	Develop business strategy
1.2.3	10040	Coordinate and align functional and process strategies	1.2.3-CoordinateAndAlignFunctionalAndProcessStrategies	Coordinate	And Align Functional And Process Strategies	Develop business strategy
1.2.4	10041	Create organizational design	1.2.4-CreateOrganizationalDesign	Create	Organizational Design	Develop business strategy
1.2.5	10042	Develop and set organizational goals	1.2.5-DevelopAndSetOrganizationalGoals	Develop	And Set Organizational Goals	Develop business strategy
1.2.6	10043	Formulate business unit strategies	1.2.6-FormulateBusinessUnitStrategies	Formulate	Business Unit Strategies	Develop business strategy
1.2.7	19959	Develop customer experience strategy	1.2.7-DevelopCustomerExperienceStrategy	Develop	Customer Experience Strategy	Develop business strategy
1.2.8	18916	Communicate strategies internally and externally	1.2.8-CommunicateStrategiesInternallyAndExternally	Communicate	Strategies Internally And Externally	Develop business strategy
1.2.9	11304	Develop financial strategies	1.2.9-DevelopFinancialStrategies	Develop	Financial Strategies	Develop business strategy
1.2.10	11307	Analyze portfolio positioning	1.2.10-AnalyzePortfolioPositioning	Analyze	Portfolio Positioning	Develop business strategy
1.3.1	11683	Evaluate strategic initiatives	1.3.1-EvaluateStrategicInitiatives	Evaluate	Strategic Initiatives	Execute and measure strategic initiatives
1.3.2	11684	Select strategic initiatives	1.3.2-SelectStrategicInitiatives	Select	Strategic Initiatives	Execute and measure strategic initiatives
1.3.3	11685	Manage strategic business portfolio	1.3.3-ManageStrategicBusinessPortfolio	Manage	Strategic Business Portfolio	Execute and measure strategic initiatives
1.3.4	11686	Establish high-level measures	1.3.4-EstablishHighLevelMeasures	Establish	High-level Measures	Execute and measure strategic initiatives
1.4.1	20945	Develop business models	1.4.1-DevelopBusinessModels	Develop	Business Models	Develop and maintain business models
1.4.2	20950	Maintain business models	1.4.2-MaintainBusinessModels	Maintain	Business Models	Develop and maintain business models
1.4.3	20955	Establish business model governance	1.4.3-EstablishBusinessModelGovernance	Establish	Business Model Governance	Develop and maintain business models
2.1.1	10061	Manage product and service portfolio	2.1.1-ManageProductAndServicePortfolio	Manage	Product And Service Portfolio	Govern and manage product/service development program
2.1.2	10067	Manage product and service life cycle	2.1.2-ManageProductAndServiceLifeCycle	Manage	Product And Service Life Cycle	Govern and manage product/service development program
2.1.3	19985	Manage patents, copyrights, and regulatory requirements	2.1.3-ManagePatentsCopyrightsAndRegulatoryRequirements	Manage	Patents, Copyrights, And Regulatory Requirements	Govern and manage product/service development program
2.1.4	11740	Manage product and service master data	2.1.4-ManageProductAndServiceMasterData	Manage	Product And Service Master Data	Govern and manage product/service development program
2.2.1	10065	Perform discovery research	2.2.1-PerformDiscoveryResearch	Perform	Discovery Research	Generate and define new product/service ideas
2.2.2	19669	Generate new product/service concepts	2.2.2-GenerateNewProductServiceConcepts	Generate	New Product/service Concepts	Generate and define new product/service ideas
2.2.3	19990	Define product/service development requirements	2.2.3-DefineProductServiceDevelopmentRequirements	Define	Product/service Development Requirements	Generate and define new product/service ideas
2.3.1	19993	Design and prototype products and services	2.3.1-DesignAndPrototypeProductsAndServices	Design	And Prototype Products And Services	Develop products and services
2.3.2	10081	Test market for new or revised products and services	2.3.2-TestMarketForNewOrRevisedProductsAndServices	Test	Market For New Or Revised Products And Services	Develop products and services
2.3.3	19634	Prepare for production and marketplace introduction	2.3.3-PrepareForProductionAndMarketplaceIntroduction	Prepare	For Production And Marketplace Introduction	Develop products and services
2.3.4	11416	Support and implement changes to product manufacturing and service delivery process	2.3.4-SupportAndImplementChangesToProductManufacturingAndServiceDeliveryProcess	Support	And Implement Changes To Product Manufacturing And Service Delivery Process	Develop products and services
2.3.5	19998	Validate launch procedures	2.3.5-ValidateLaunchProcedures	Validate	Launch Procedures	Develop products and services
3.1.1	10106	Perform customer and market intelligence analysis	3.1.1-PerformCustomerAndMarketIntelligenceAnalysis	Perform	Customer And Market Intelligence Analysis	Understand markets, customers, and capabilities
3.1.2	10107	Evaluate and prioritize market opportunities	3.1.2-EvaluateAndPrioritizeMarketOpportunities	Evaluate	And Prioritize Market Opportunities	Understand markets, customers, and capabilities
3.2.1	11168	Define offering and customer value proposition	3.2.1-DefineOfferingAndCustomerValueProposition	Define	Offering And Customer Value Proposition	Develop marketing strategy
3.2.2	10123	Define pricing strategy	3.2.2-DefinePricingStrategy	Define	Pricing Strategy	Develop marketing strategy
3.2.3	11445	Develop and manage brands	3.2.3-DevelopAndManageBrands	Develop	And Manage Brands	Develop marketing strategy
3.2.4	20000	Define and manage channel strategy	3.2.4-DefineAndManageChannelStrategy	Define	And Manage Channel Strategy	Develop marketing strategy
3.2.5	20006	Analyze and manage channel performance	3.2.5-AnalyzeAndManageChannelPerformance	Analyze	And Manage Channel Performance	Develop marketing strategy
3.2.6	16848	Develop marketing communication strategy	3.2.6-DevelopMarketingCommunicationStrategy	Develop	Marketing Communication Strategy	Develop marketing strategy
3.2.7	18924	Design and manage customer loyalty program	3.2.7-DesignAndManageCustomerLoyaltyProgram	Design	And Manage Customer Loyalty Program	Develop marketing strategy
3.3.1	10148	Establish goals, objectives, and metrics for products/services by channel/segment	3.3.1-EstablishGoalsObjectivesAndMetricsForProductsServicesByChannelSegment	Establish	Goals, Objectives, And Metrics For Products/services By Channel/segment	Develop and manage marketing plans
3.3.2	10149	Establish marketing budgets	3.3.2-EstablishMarketingBudgets	Establish	Marketing Budgets	Develop and manage marketing plans
3.3.3	11484	Design and execute brand and product marketing programs	3.3.3-DesignAndExecuteBrandAndProductMarketingPrograms	Design	And Execute Brand And Product Marketing Programs	Develop and manage marketing plans
3.3.4	20593	Develop and manage pricing	3.3.4-DevelopAndManagePricing	Develop	And Manage Pricing	Develop and manage marketing plans
3.3.5	20010	Develop and manage promotional activities	3.3.5-DevelopAndManagePromotionalActivities	Develop	And Manage Promotional Activities	Develop and manage marketing plans
3.3.6	11500	Manage trade pricing, promotions and allowances	3.3.6-ManageTradePricingPromotionsAndAllowances	Manage	Trade Pricing, Promotions And Allowances	Develop and manage marketing plans
3.3.7	10153	Track customer management measures	3.3.7-TrackCustomerManagementMeasures	Track	Customer Management Measures	Develop and manage marketing plans
3.3.8	16613	Analyze and respond to customer insight	3.3.8-AnalyzeAndRespondToCustomerInsight	Analyze	And Respond To Customer Insight	Develop and manage marketing plans
3.3.9	10154	Develop and manage packaging strategy	3.3.9-DevelopAndManagePackagingStrategy	Develop	And Manage Packaging Strategy	Develop and manage marketing plans
3.3.10	16629	Manage product marketing content	3.3.10-ManageProductMarketingContent	Manage	Product Marketing Content	Develop and manage marketing plans
3.4.1	10129	Develop sales forecast	3.4.1-DevelopSalesForecast	Develop	Sales Forecast	Develop trade customer sales strategy
3.4.2	10130	Develop sales partner/alliance relationships	3.4.2-DevelopSalesPartnerAllianceRelationships	Develop	Sales Partner/alliance Relationships	Develop trade customer sales strategy
3.4.3	11469	Perform category management	3.4.3-PerformCategoryManagement	Perform	Category Management	Develop trade customer sales strategy
3.4.4	10131	Establish overall sales budgets	3.4.4-EstablishOverallSalesBudgets	Establish	Overall Sales Budgets	Develop trade customer sales strategy
3.4.5	10132	Establish sales goals and measures	3.4.5-EstablishSalesGoalsAndMeasures	Establish	Sales Goals And Measures	Develop trade customer sales strategy
3.4.6	11478	Establish customer management goals, and strategies	3.4.6-EstablishCustomerManagementGoalsAndStrategies	Establish	Customer Management Goals, And Strategies	Develop trade customer sales strategy
3.4.7	10133	Establish customer management measures	3.4.7-EstablishCustomerManagementMeasures	Establish	Customer Management Measures	Develop trade customer sales strategy
3.5.1	10182	Manage leads/opportunities	3.5.1-ManageLeadsOpportunities	Manage	Leads/opportunities	Develop and manage sales plans
3.5.2	10183	Manage customers and accounts	3.5.2-ManageCustomersAndAccounts	Manage	Customers And Accounts	Develop and manage sales plans
3.5.3	11779	Develop and manage sales proposals, bids, and quotes	3.5.3-DevelopAndManageSalesProposalsBidsAndQuotes	Develop	And Manage Sales Proposals, Bids, And Quotes	Develop and manage sales plans
3.5.4	10185	Manage sales orders	3.5.4-ManageSalesOrders	Manage	Sales Orders	Develop and manage sales plans
3.5.5	10187	Manage sales partners and alliances	3.5.5-ManageSalesPartnersAndAlliances	Manage	Sales Partners And Alliances	Develop and manage sales plans
3.5.6	11511	Assist in store operations	3.5.6-AssistInStoreOperations	Assist	In Store Operations	Develop and manage sales plans
4.1.1	10221	Develop production and materials strategies	4.1.1-DevelopProductionAndMaterialsStrategies	Develop	Production And Materials Strategies	Plan for and align supply chain resources
4.1.2	11525	Plan sales and operations	4.1.2-PlanSalesAndOperations	Plan	Sales And Operations	Plan for and align supply chain resources
4.1.3	10222	Manage demand for products	4.1.3-ManageDemandForProducts	Manage	Demand For Products	Plan for and align supply chain resources
4.1.4	10223	Create materials plan	4.1.4-CreateMaterialsPlan	Create	Materials Plan	Plan for and align supply chain resources
4.1.5	10224	Create and manage master production schedule	4.1.5-CreateAndManageMasterProductionSchedule	Create	And Manage Master Production Schedule	Plan for and align supply chain resources
4.1.6	17042	Plan distribution requirements	4.1.6-PlanDistributionRequirements	Plan	Distribution Requirements	Plan for and align supply chain resources
4.1.7	10226	Establish distribution planning constraints	4.1.7-EstablishDistributionPlanningConstraints	Establish	Distribution Planning Constraints	Plan for and align supply chain resources
4.1.8	10227	Review distribution planning policies	4.1.8-ReviewDistributionPlanningPolicies	Review	Distribution Planning Policies	Plan for and align supply chain resources
4.1.9	10368	Develop quality standards and procedures	4.1.9-DevelopQualityStandardsAndProcedures	Develop	Quality Standards And Procedures	Plan for and align supply chain resources
4.2.1	10277	Provide sourcing governance and perform category management	4.2.1-ProvideSourcingGovernanceAndPerformCategoryManagement	Provide	Sourcing Governance And Perform Category Management	Procure materials and services
4.2.2	20973	Develop sourcing and category management strategies	4.2.2-DevelopSourcingAndCategoryManagementStrategies	Develop	Sourcing And Category Management Strategies	Procure materials and services
4.2.3	10278	Select suppliers and develop/maintain contracts	4.2.3-SelectSuppliersAndDevelopMaintainContracts	Select	Suppliers And Develop/maintain Contracts	Procure materials and services
4.2.4	10279	Order materials and services	4.2.4-OrderMaterialsAndServices	Order	Materials And Services	Procure materials and services
4.2.5	10280	Manage suppliers	4.2.5-ManageSuppliers	Manage	Suppliers	Procure materials and services
4.2.6	11549	Implement procurement initiatives	4.2.6-ImplementProcurementInitiatives	Implement	Procurement Initiatives	Procure materials and services
4.3.1	10303	Schedule production	4.3.1-ScheduleProduction	Schedule	Production	Produce/Assemble/Test product
4.3.2	10304	Produce/Assemble product	4.3.2-ProduceAssembleProduct	Produce/Assemble	Product	Produce/Assemble/Test product
4.3.3	10369	Perform quality testing	4.3.3-PerformQualityTesting	Perform	Quality Testing	Produce/Assemble/Test product
4.3.4	19649	Maintain production records and manage lot traceability	4.3.4-MaintainProductionRecordsAndManageLotTraceability	Maintain	Production Records And Manage Lot Traceability	Produce/Assemble/Test product
4.3.5	11561	Assess production performance (master production schedule -MPS and manufacturing resource planning - MRP)	4.3.5-AssessProductionPerformanceMasterProductionScheduleMpsAndManufacturingResourcePlanningMrp	Assess	Production Performance (master Production Schedule -MPS And Manufacturing Resource Planning - MRP)	Produce/Assemble/Test product
4.4.1	10338	Provide logistics governance	4.4.1-ProvideLogisticsGovernance	Provide	Logistics Governance	Manage logistics and warehousing
4.4.2	20936	Plan and manage inbound material flow	4.4.2-PlanAndManageInboundMaterialFlow	Plan	And Manage Inbound Material Flow	Manage logistics and warehousing
4.4.3	10340	Operate warehousing	4.4.3-OperateWarehousing	Operate	Warehousing	Manage logistics and warehousing
4.4.4	10341	Operate outbound transportation	4.4.4-OperateOutboundTransportation	Operate	Outbound Transportation	Manage logistics and warehousing
4.4.5	11584	Meet data exchange and legal requirements	4.4.5-MeetDataExchangeAndLegalRequirements	Meet	Data Exchange And Legal Requirements	Manage logistics and warehousing
5.1.1	20027	Establish service delivery governance	5.1.1-EstablishServiceDeliveryGovernance	Establish	Service Delivery Governance	Establish service delivery governance and strategies
5.1.2	20032	Develop service delivery strategies	5.1.2-DevelopServiceDeliveryStrategies	Develop	Service Delivery Strategies	Establish service delivery governance and strategies
5.2.1	20041	Manage service delivery resource demand	5.2.1-ManageServiceDeliveryResourceDemand	Manage	Service Delivery Resource Demand	Manage service delivery resources
5.2.2	20050	Create and manage resource plan	5.2.2-CreateAndManageResourcePlan	Create	And Manage Resource Plan	Manage service delivery resources
5.2.3	12127	Enable service-delivery resources	5.2.3-EnableServiceDeliveryResources	Enable	Service-delivery Resources	Manage service delivery resources
5.3.1	20059	Initiate service delivery	5.3.1-InitiateServiceDelivery	Initiate	Service Delivery	Deliver service to customer
5.3.2	20069	Execute service delivery	5.3.2-ExecuteServiceDelivery	Execute	Service Delivery	Deliver service to customer
5.3.3	20077	Complete service delivery	5.3.3-CompleteServiceDelivery	Complete	Service Delivery	Deliver service to customer
6.1.1	20086	Define customer service requirements across the enterprise	6.1.1-DefineCustomerServiceRequirementsAcrossTheEnterprise	Define	Customer Service Requirements Across Enterprise	Develop customer care/customer service strategy
6.1.2	20087	Define customer service experience	6.1.2-DefineCustomerServiceExperience	Define	Customer Service Experience	Develop customer care/customer service strategy
6.1.3	20088	Define and manage customer service channel strategy	6.1.3-DefineAndManageCustomerServiceChannelStrategy	Define	And Manage Customer Service Channel Strategy	Develop customer care/customer service strategy
6.1.4	10382	Define customer service policies and procedures	6.1.4-DefineCustomerServicePoliciesAndProcedures	Define	Customer Service Policies And Procedures	Develop customer care/customer service strategy
6.1.5	10383	Establish target service level for each customer segment	6.1.5-EstablishTargetServiceLevelForEachCustomerSegment	Establish	Target Service Level For Each Customer Segment	Develop customer care/customer service strategy
6.1.6	19651	Define and manage warranty offering	6.1.6-DefineAndManageWarrantyOffering	Define	And Manage Warranty Offering	Develop customer care/customer service strategy
6.1.7	20092	Develop recall strategy	6.1.7-DevelopRecallStrategy	Develop	Recall Strategy	Develop customer care/customer service strategy
6.2.1	10387	Plan and manage customer service work force	6.2.1-PlanAndManageCustomerServiceWorkForce	Plan	And Manage Customer Service Work Force	Plan and manage customer service operations
6.2.2	10388	Manage customer service problems, requests, and inquiries	6.2.2-ManageCustomerServiceProblemsRequestsAndInquiries	Manage	Customer Service Problems, Requests, And Inquiries	Plan and manage customer service operations
6.2.3	10389	Manage customer complaints	6.2.3-ManageCustomerComplaints	Manage	Customer Complaints	Plan and manage customer service operations
6.2.4	20094	Process returns	6.2.4-ProcessReturns	Process	Returns	Plan and manage customer service operations
6.2.5	12840	Report Incidents, Adverse Events and Corrective Action Preventive Action (CAPA)	6.2.5-ReportIncidentsAdverseEventsAndCorrectiveActionPreventiveActionCapa	Report	Incidents, Adverse Events And Corrective Action Preventive Action (CAPA)	Plan and manage customer service operations
6.3.1	20605	Register products	6.3.1-RegisterProducts	Register	Products	Service products after sales
6.3.2	12669	Process warranty claims	6.3.2-ProcessWarrantyClaims	Process	Warranty Claims	Service products after sales
6.3.3	19664	Manage supplier recovery	6.3.3-ManageSupplierRecovery	Manage	Supplier Recovery	Service products after sales
6.3.4	19681	Manage customer self-service materials	6.3.4-ManageCustomerSelfServiceMaterials	Manage	Customer Self-service Materials	Service products after sales
6.3.5	10218	Service products	6.3.5-ServiceProducts	Service	Products	Service products after sales
6.4.1	19672	Develop a recall strategy	6.4.1-DevelopARecallStrategy	Develop	Recall Strategy	Manage product recalls and regulatory audits
6.4.2	19673	Initiate a recall	6.4.2-InitiateARecall	Initiate	Recall	Manage product recalls and regulatory audits
6.4.3	19674	Assess the likelihood and consequences of occurrence of any hazards	6.4.3-AssessTheLikelihoodAndConsequencesOfOccurrenceOfAnyHazards	Assess	Likelihood And Consequences Of Occurrence Of Any Hazards	Manage product recalls and regulatory audits
6.4.4	19675	Manage recall related communications	6.4.4-ManageRecallRelatedCommunications	Manage	Recall Related Communications	Manage product recalls and regulatory audits
6.4.5	19676	Submit regulatory reports	6.4.5-SubmitRegulatoryReports	Submit	Regulatory Reports	Manage product recalls and regulatory audits
6.4.6	19677	Monitor and audit recall effectiveness	6.4.6-MonitorAndAuditRecallEffectiveness	Monitor	And Audit Recall Effectiveness	Manage product recalls and regulatory audits
6.4.7	19678	Manage recall termination	6.4.7-ManageRecallTermination	Manage	Recall Termination	Manage product recalls and regulatory audits
6.4.8	19679	Review recall strategy	6.4.8-ReviewRecallStrategy	Review	Recall Strategy	Manage product recalls and regulatory audits
6.5.1	11620	Identify key metrics for assessing customer service	6.5.1-IdentifyKeyMetricsForAssessingCustomerService	Identify	Key Metrics For Assessing Customer Service	Evaluate customer service operations and customer satisfaction
6.5.2	11621	Track performance against customer service scorecard	6.5.2-TrackPerformanceAgainstCustomerServiceScorecard	Track	Performance Against Customer Service Scorecard	Evaluate customer service operations and customer satisfaction
6.5.3	10401	Measure customer satisfaction with customer problems, requests, and inquiries handling	6.5.3-MeasureCustomerSatisfactionWithCustomerProblemsRequestsAndInquiriesHandling	Measure	Customer Satisfaction With Customer Problems, Requests, And Inquiries Handling	Evaluate customer service operations and customer satisfaction
6.5.4	10402	Measure customer satisfaction with customer- complaint handling and resolution	6.5.4-MeasureCustomerSatisfactionWithCustomerComplaintHandlingAndResolution	Measure	Customer Satisfaction With Customer- Complaint Handling And Resolution	Evaluate customer service operations and customer satisfaction
6.5.5	10403	Measure customer satisfaction with products and services	6.5.5-MeasureCustomerSatisfactionWithProductsAndServices	Measure	Customer Satisfaction With Products And Services	Evaluate customer service operations and customer satisfaction
6.5.6	19667	Evaluate and manage warranty performance	6.5.6-EvaluateAndManageWarrantyPerformance	Evaluate	And Manage Warranty Performance	Evaluate customer service operations and customer satisfaction
6.5.7	20121	Evaluate recall performance	6.5.7-EvaluateRecallPerformance	Evaluate	Recall Performance	Evaluate customer service operations and customer satisfaction
7.1.1	20958	Develop human resources strategy	7.1.1-DevelopHumanResourcesStrategy	Develop	Human Resources Strategy	Develop and manage human resources (HR) planning, policies, and strategies
7.1.2	17045	Develop and implement workforce strategy and policies	7.1.2-DevelopAndImplementWorkforceStrategyAndPolicies	Develop	And Implement Workforce Strategy And Policies	Develop and manage human resources (HR) planning, policies, and strategies
7.1.3	10417	Monitor and update strategy, plans, and policies	7.1.3-MonitorAndUpdateStrategyPlansAndPolicies	Monitor	And Update Strategy, Plans, And Policies	Develop and manage human resources (HR) planning, policies, and strategies
7.1.4	17046	Develop competency management models	7.1.4-DevelopCompetencyManagementModels	Develop	Competency Management Models	Develop and manage human resources (HR) planning, policies, and strategies
7.2.1	10439	Manage employee requisitions	7.2.1-ManageEmployeeRequisitions	Manage	Employee Requisitions	Recruit, source, and select employees
7.2.2	10440	Recruit/Source candidates	7.2.2-RecruitSourceCandidates	Recruit/Source	Candidates	Recruit, source, and select employees
7.2.3	20123	Screen and select candidates	7.2.3-ScreenAndSelectCandidates	Screen	And Select Candidates	Recruit, source, and select employees
7.2.4	10443	Manage new hire/re-hire	7.2.4-ManageNewHireReHire	Manage	New Hire/re-hire	Recruit, source, and select employees
7.2.5	10444	Manage applicant information	7.2.5-ManageApplicantInformation	Manage	Applicant Information	Recruit, source, and select employees
7.3.1	10469	Manage employee orientation and deployment	7.3.1-ManageEmployeeOrientationAndDeployment	Manage	Employee Orientation And Deployment	Manage employee on-boarding, development, and training
7.3.2	10470	Manage employee performance	7.3.2-ManageEmployeePerformance	Manage	Employee Performance	Manage employee on-boarding, development, and training
7.3.3	10472	Manage employee development	7.3.3-ManageEmployeeDevelopment	Manage	Employee Development	Manage employee on-boarding, development, and training
7.3.4	10473	Develop and train employees	7.3.4-DevelopAndTrainEmployees	Develop	And Train Employees	Manage employee on-boarding, development, and training
7.4.1	10483	Manage labor relations	7.4.1-ManageLaborRelations	Manage	Labor Relations	Manage employee relations
7.4.2	10484	Manage collective bargaining process	7.4.2-ManageCollectiveBargainingProcess	Manage	Collective Bargaining Process	Manage employee relations
7.4.3	10485	Manage labor management partnerships	7.4.3-ManageLaborManagementPartnerships	Manage	Labor Management Partnerships	Manage employee relations
7.4.4	10531	Manage employee grievances	7.4.4-ManageEmployeeGrievances	Manage	Employee Grievances	Manage employee relations
7.5.1	10494	Develop and manage reward, recognition, and motivation programs	7.5.1-DevelopAndManageRewardRecognitionAndMotivationPrograms	Develop	And Manage Reward, Recognition, And Motivation Programs	Reward and retain employees
7.5.2	10495	Manage and administer benefits	7.5.2-ManageAndAdministerBenefits	Manage	And Administer Benefits	Reward and retain employees
7.5.3	10496	Manage employee assistance and retention	7.5.3-ManageEmployeeAssistanceAndRetention	Manage	Employee Assistance And Retention	Reward and retain employees
7.5.4	10497	Administer payroll	7.5.4-AdministerPayroll	Administer	Payroll	Reward and retain employees
7.6.1	10512	Manage promotion and demotion process	7.6.1-ManagePromotionAndDemotionProcess	Manage	Promotion And Demotion Process	Redeploy and retire employees
7.6.2	10513	Manage separation	7.6.2-ManageSeparation	Manage	Separation	Redeploy and retire employees
7.6.3	10514	Manage retirement	7.6.3-ManageRetirement	Manage	Retirement	Redeploy and retire employees
7.6.4	10515	Manage leave of absence	7.6.4-ManageLeaveOfAbsence	Manage	Leave Of Absence	Redeploy and retire employees
7.6.5	10516	Develop and implement employee outplacement	7.6.5-DevelopAndImplementEmployeeOutplacement	Develop	And Implement Employee Outplacement	Redeploy and retire employees
7.6.6	20132	Manage workforce scheduling	7.6.6-ManageWorkforceScheduling	Manage	Workforce Scheduling	Redeploy and retire employees
7.6.7	17055	Relocate employees and manage assignments	7.6.7-RelocateEmployeesAndManageAssignments	Relocate	Employees And Manage Assignments	Redeploy and retire employees
7.7.1	10522	Manage reporting processes	7.7.1-ManageReportingProcesses	Manage	Reporting Processes	Manage employee information and analytics
7.7.2	10523	Manage employee inquiry process	7.7.2-ManageEmployeeInquiryProcess	Manage	Employee Inquiry Process	Manage employee information and analytics
7.7.3	10524	Manage and maintain employee data	7.7.3-ManageAndMaintainEmployeeData	Manage	And Maintain Employee Data	Manage employee information and analytics
7.7.4	10525	Manage human resource information systems HRIS	7.7.4-ManageHumanResourceInformationSystemsHris	Manage	Human Resource Information Systems HRIS	Manage employee information and analytics
7.7.5	10526	Develop and manage employee metrics	7.7.5-DevelopAndManageEmployeeMetrics	Develop	And Manage Employee Metrics	Manage employee information and analytics
7.7.6	10527	Develop and manage time and attendance systems	7.7.6-DevelopAndManageTimeAndAttendanceSystems	Develop	And Manage Time And Attendance Systems	Manage employee information and analytics
7.7.7	10530	Manage/Collect employee suggestions and perform employee research	7.7.7-ManageCollectEmployeeSuggestionsAndPerformEmployeeResearch	Manage/Collect	Employee Suggestions And Perform Employee Research	Manage employee information and analytics
7.8.1	10529	Develop employee communication plan	7.8.1-DevelopEmployeeCommunicationPlan	Develop	Employee Communication Plan	Manage employee communication
7.8.2	16944	Conduct employee engagement surveys	7.8.2-ConductEmployeeEngagementSurveys	Conduct	Employee Engagement Surveys	Manage employee communication
8.1.1	20609	Understand IT customer needs	8.1.1-UnderstandItCustomerNeeds	Understand	IT Customer Needs	Develop and manage IT customer relationships
8.1.2	20612	Identify IT customer transformation needs	8.1.2-IdentifyItCustomerTransformationNeeds	Identify	IT Customer Transformation Needs	Develop and manage IT customer relationships
8.1.3	20617	Plan and communicate IT services	8.1.3-PlanAndCommunicateItServices	Plan	And Communicate IT Services	Develop and manage IT customer relationships
8.1.4	20623	Provide IT transformation guidance	8.1.4-ProvideItTransformationGuidance	Provide	IT Transformation Guidance	Develop and manage IT customer relationships
8.1.5	20632	Develop and manage IT service levels	8.1.5-DevelopAndManageItServiceLevels	Develop	And Manage IT Service Levels	Develop and manage IT customer relationships
8.1.6	20641	Manage IT customer relationships	8.1.6-ManageItCustomerRelationships	Manage	IT Customer Relationships	Develop and manage IT customer relationships
8.1.7	20648	Analyze service performance	8.1.7-AnalyzeServicePerformance	Analyze	Service Performance	Develop and manage IT customer relationships
8.2.1	20653	Define business technology and governance strategy	8.2.1-DefineBusinessTechnologyAndGovernanceStrategy	Define	Business Technology And Governance Strategy	Develop and manage IT business strategy
8.2.2	20660	Manage IT portfolio strategy	8.2.2-ManageItPortfolioStrategy	Manage	IT Portfolio Strategy	Develop and manage IT business strategy
8.2.3	20668	Define and maintain enterprise architecture	8.2.3-DefineAndMaintainEnterpriseArchitecture	Define	And Maintain Enterprise Architecture	Develop and manage IT business strategy
8.2.4	20674	Define IT service management strategy	8.2.4-DefineItServiceManagementStrategy	Define	IT Service Management Strategy	Develop and manage IT business strategy
8.2.5	20682	Control IT management system	8.2.5-ControlItManagementSystem	Control	IT Management System	Develop and manage IT business strategy
8.2.6	20693	Manage IT value portfolio	8.2.6-ManageItValuePortfolio	Manage	IT Value Portfolio	Develop and manage IT business strategy
8.2.7	20699	Define and manage technology innovation	8.2.7-DefineAndManageTechnologyInnovation	Define	And Manage Technology Innovation	Develop and manage IT business strategy
8.3.1	20707	Develop IT compliance, risk, and security strategy	8.3.1-DevelopItComplianceRiskAndSecurityStrategy	Develop	IT Compliance, Risk, And Security Strategy	Develop and manage IT resilience and risk
8.3.2	20716	Develop IT resilience strategy	8.3.2-DevelopItResilienceStrategy	Develop	IT Resilience Strategy	Develop and manage IT resilience and risk
8.3.3	20721	Control IT risk, compliance, and security	8.3.3-ControlItRiskComplianceAndSecurity	Control	IT Risk, Compliance, And Security	Develop and manage IT resilience and risk
8.3.4	20731	Plan and manage IT continuity	8.3.4-PlanAndManageItContinuity	Plan	And Manage IT Continuity	Develop and manage IT resilience and risk
8.3.5	20735	Develop and manage IT security, privacy, and data protection	8.3.5-DevelopAndManageItSecurityPrivacyAndDataProtection	Develop	And Manage IT Security, Privacy, And Data Protection	Develop and manage IT resilience and risk
8.3.6	20743	Conduct and analyze IT compliance assessments	8.3.6-ConductAndAnalyzeItComplianceAssessments	Conduct	And Analyze IT Compliance Assessments	Develop and manage IT resilience and risk
8.3.7	20749	Develop and execute IT resilience and continuity operations	8.3.7-DevelopAndExecuteItResilienceAndContinuityOperations	Develop	And Execute IT Resilience And Continuity Operations	Develop and manage IT resilience and risk
8.3.8	20756	Manage IT user identity and authorization	8.3.8-ManageItUserIdentityAndAuthorization	Manage	IT User Identity And Authorization	Develop and manage IT resilience and risk
8.4.1	20766	Define business information and analytics strategy	8.4.1-DefineBusinessInformationAndAnalyticsStrategy	Define	Business Information And Analytics Strategy	Manage information
8.4.2	20770	Define and maintain business information architecture	8.4.2-DefineAndMaintainBusinessInformationArchitecture	Define	And Maintain Business Information Architecture	Manage information
8.4.3	20776	Define and execute business information lifecycle planning and control	8.4.3-DefineAndExecuteBusinessInformationLifecyclePlanningAndControl	Define	And Execute Business Information Lifecycle Planning And Control	Manage information
8.4.4	20779	Manage business information content	8.4.4-ManageBusinessInformationContent	Manage	Business Information Content	Manage information
8.5.1	20785	Develop service/solution and integration strategy	8.5.1-DevelopServiceSolutionAndIntegrationStrategy	Develop	Service/solution And Integration Strategy	Develop and manage services/solutions
8.5.2	20793	Manage service/solution lifecycle planning	8.5.2-ManageServiceSolutionLifecyclePlanning	Manage	Service/solution Lifecycle Planning	Develop and manage services/solutions
8.5.3	20799	Develop and manage service/solution architecture	8.5.3-DevelopAndManageServiceSolutionArchitecture	Develop	And Manage Service/solution Architecture	Develop and manage services/solutions
8.5.4	20808	Execute IT service/solution creation and testing	8.5.4-ExecuteItServiceSolutionCreationAndTesting	Execute	IT Service/solution Creation And Testing	Develop and manage services/solutions
8.5.5	20817	Perform service/solution maintenance and testing	8.5.5-PerformServiceSolutionMaintenanceAndTesting	Perform	Service/solution Maintenance And Testing	Develop and manage services/solutions
8.6.1	20825	Develop and manage service/solution deployment strategy	8.6.1-DevelopAndManageServiceSolutionDeploymentStrategy	Develop	And Manage Service/solution Deployment Strategy	Deploy services/solutions
8.6.2	20832	Plan service and solution implementation	8.6.2-PlanServiceAndSolutionImplementation	Plan	Service And Solution Implementation	Deploy services/solutions
8.6.3	20840	Manage change deployment control	8.6.3-ManageChangeDeploymentControl	Manage	Change Deployment Control	Deploy services/solutions
8.6.4	20848	Implement technology solutions	8.6.4-ImplementTechnologySolutions	Implement	Technology Solutions	Deploy services/solutions
8.6.5	20858	Perform service and solution rollout	8.6.5-PerformServiceAndSolutionRollout	Perform	Service And Solution Rollout	Deploy services/solutions
8.7.1	20867	Define and establish service delivery strategy	8.7.1-DefineAndEstablishServiceDeliveryStrategy	Define	And Establish Service Delivery Strategy	Create and manage support services/solutions
8.7.2	20873	Define and develop service support strategy	8.7.2-DefineAndDevelopServiceSupportStrategy	Define	And Develop Service Support Strategy	Create and manage support services/solutions
8.7.3	20880	Plan and manage service delivery control	8.7.3-PlanAndManageServiceDeliveryControl	Plan	And Manage Service Delivery Control	Create and manage support services/solutions
8.7.4	20888	Develop and manage infrastructure resource planning	8.7.4-DevelopAndManageInfrastructureResourcePlanning	Develop	And Manage Infrastructure Resource Planning	Create and manage support services/solutions
8.7.5	20895	Define service support planning	8.7.5-DefineServiceSupportPlanning	Define	Service Support Planning	Create and manage support services/solutions
8.7.6	20905	Develop and manage service delivery operations	8.7.6-DevelopAndManageServiceDeliveryOperations	Develop	And Manage Service Delivery Operations	Create and manage support services/solutions
8.7.7	20914	Manage infrastructure resource administration	8.7.7-ManageInfrastructureResourceAdministration	Manage	Infrastructure Resource Administration	Create and manage support services/solutions
8.7.8	20921	Operate IT user support	8.7.8-OperateItUserSupport	Operate	IT User Support	Create and manage support services/solutions
9.1.1	10738	Perform planning/budgeting/forecasting	9.1.1-PerformPlanningBudgetingForecasting	Perform	Planning/budgeting/forecasting	Perform planning and management accounting
9.1.2	10739	Perform cost accounting and control	9.1.2-PerformCostAccountingAndControl	Perform	Cost Accounting And Control	Perform planning and management accounting
9.1.3	10740	Perform cost management	9.1.3-PerformCostManagement	Perform	Cost Management	Perform planning and management accounting
9.1.4	10741	Evaluate and manage financial performance	9.1.4-EvaluateAndManageFinancialPerformance	Evaluate	And Manage Financial Performance	Perform planning and management accounting
9.2.1	10742	Process customer credit	9.2.1-ProcessCustomerCredit	Process	Customer Credit	Perform revenue accounting
9.2.2	10743	Invoice customer	9.2.2-InvoiceCustomer	Invoice	Customer	Perform revenue accounting
9.2.3	10744	Process accounts receivable (AR)	9.2.3-ProcessAccountsReceivableAr	Process	Accounts Receivable (AR)	Perform revenue accounting
9.2.4	10745	Manage and process collections	9.2.4-ManageAndProcessCollections	Manage	And Process Collections	Perform revenue accounting
9.2.5	10746	Manage and process adjustments/deductions	9.2.5-ManageAndProcessAdjustmentsDeductions	Manage	And Process Adjustments/deductions	Perform revenue accounting
9.3.1	10747	Manage policies and procedures	9.3.1-ManagePoliciesAndProcedures	Manage	Policies And Procedures	Perform general accounting and reporting
9.3.2	10748	Perform general accounting	9.3.2-PerformGeneralAccounting	Perform	General Accounting	Perform general accounting and reporting
9.3.3	10749	Perform fixed-asset accounting	9.3.3-PerformFixedAssetAccounting	Perform	Fixed-asset Accounting	Perform general accounting and reporting
9.3.4	10750	Perform financial reporting	9.3.4-PerformFinancialReporting	Perform	Financial Reporting	Perform general accounting and reporting
9.4.1	10751	Perform capital planning and project approval	9.4.1-PerformCapitalPlanningAndProjectApproval	Perform	Capital Planning And Project Approval	Manage fixed-asset project accounting
9.4.2	10752	Perform capital project accounting	9.4.2-PerformCapitalProjectAccounting	Perform	Capital Project Accounting	Manage fixed-asset project accounting
9.5.1	10753	Report time	9.5.1-ReportTime	Report	Time	Process payroll
9.5.2	10754	Manage pay	9.5.2-ManagePay	Manage	Pay	Process payroll
9.5.3	10755	Manage and process payroll taxes	9.5.3-ManageAndProcessPayrollTaxes	Manage	And Process Payroll Taxes	Process payroll
9.6.1	10756	Process accounts payable (AP)	9.6.1-ProcessAccountsPayableAp	Process	Accounts Payable (AP)	Process accounts payable and expense reimbursements
9.6.2	10757	Process expense reimbursements	9.6.2-ProcessExpenseReimbursements	Process	Expense Reimbursements	Process accounts payable and expense reimbursements
9.6.3	20929	Manage corporate credit cards	9.6.3-ManageCorporateCreditCards	Manage	Corporate Credit Cards	Process accounts payable and expense reimbursements
9.7.1	10758	Manage treasury policies and procedures	9.7.1-ManageTreasuryPoliciesAndProcedures	Manage	Treasury Policies And Procedures	Manage treasury operations
9.7.2	11632	Create internal funding program	9.7.2-CreateInternalFundingProgram	Create	Internal Funding Program	Manage treasury operations
9.7.3	10759	Manage cash	9.7.3-ManageCash	Manage	Cash	Manage treasury operations
9.7.4	10760	Manage in-house bank accounts	9.7.4-ManageInHouseBankAccounts	Manage	In-house Bank Accounts	Manage treasury operations
9.7.5	10761	Manage debt and investment	9.7.5-ManageDebtAndInvestment	Manage	Debt And Investment	Manage treasury operations
9.7.6	11208	Monitor and execute risk and hedging transactions	9.7.6-MonitorAndExecuteRiskAndHedgingTransactions	Monitor	And Execute Risk And Hedging Transactions	Manage treasury operations
9.7.7	16958	Manage financial fraud/dispute cases	9.7.7-ManageFinancialFraudDisputeCases	Manage	Financial Fraud/dispute Cases	Manage treasury operations
9.8.1	10762	Establish internal controls, policies, and procedures	9.8.1-EstablishInternalControlsPoliciesAndProcedures	Establish	Internal Controls, Policies, And Procedures	Manage internal controls
9.8.2	10763	Operate controls and monitor compliance with internal controls policies and procedures	9.8.2-OperateControlsAndMonitorComplianceWithInternalControlsPoliciesAndProcedures	Operate	Controls And Monitor Compliance With Internal Controls Policies And Procedures	Manage internal controls
9.8.3	11641	Manage and monitor compliance function	9.8.3-ManageAndMonitorComplianceFunction	Manage	And Monitor Compliance Function	Manage internal controls
9.8.4	10764	Report on internal controls compliance	9.8.4-ReportOnInternalControlsCompliance	Report	On Internal Controls Compliance	Manage internal controls
9.9.1	10765	Develop tax strategy and plan	9.9.1-DevelopTaxStrategyAndPlan	Develop	Tax Strategy And Plan	Manage taxes
9.9.2	10766	Process taxes	9.9.2-ProcessTaxes	Process	Taxes	Manage taxes
9.10.1	10767	Monitor international rates	9.10.1-MonitorInternationalRates	Monitor	International Rates	Manage international funds/consolidation
9.10.2	10768	Manage transactions	9.10.2-ManageTransactions	Manage	Transactions	Manage international funds/consolidation
9.10.3	10769	Monitor currency exposure/hedge currency	9.10.3-MonitorCurrencyExposureHedgeCurrency	Monitor	Currency Exposure/hedge Currency	Manage international funds/consolidation
9.10.4	10770	Report results	9.10.4-ReportResults	Report	Results	Manage international funds/consolidation
9.11.1	14090	Screen sanctioned party list	9.11.1-ScreenSanctionedPartyList	Screen	Sanctioned Party List	Perform global trade services
9.11.2	14091	Control exports and imports	9.11.2-ControlExportsAndImports	Control	Exports And Imports	Perform global trade services
9.11.3	14092	Classify products	9.11.3-ClassifyProducts	Classify	Products	Perform global trade services
9.11.4	19593	Perform currency conversion	9.11.4-PerformCurrencyConversion	Perform	Currency Conversion	Perform global trade services
9.11.5	14093	Calculate duty	9.11.5-CalculateDuty	Calculate	Duty	Perform global trade services
9.11.6	14094	Communicate with customs	9.11.6-CommunicateWithCustoms	Communicate	With Customs	Perform global trade services
9.11.7	14095	Document trade	9.11.7-DocumentTrade	Document	Trade	Perform global trade services
9.11.8	14096	Process trade preferences	9.11.8-ProcessTradePreferences	Process	Trade Preferences	Perform global trade services
9.11.9	14097	Handle restitution	9.11.9-HandleRestitution	Handle	Restitution	Perform global trade services
9.11.10	14098	Prepare letter of credit	9.11.10-PrepareLetterOfCredit	Prepare	Letter Of Credit	Perform global trade services
10.1.1	10941	Develop property strategy and long term vision	10.1.1-DevelopPropertyStrategyAndLongTermVision	Develop	Property Strategy And Long Term Vision	Plan and acquire assets
10.1.2	10943	Plan facility	10.1.2-PlanFacility	Plan	Facility	Plan and acquire assets
10.1.3	10944	Provide workspace and facilities	10.1.3-ProvideWorkspaceAndFacilities	Provide	Workspace And Facilities	Plan and acquire assets
10.1.4	10949	Manage facilities operations	10.1.4-ManageFacilitiesOperations	Manage	Facilities Operations	Plan and acquire assets
10.2.1	19209	Manage capital program for productive assets	10.2.1-ManageCapitalProgramForProductiveAssets	Manage	Capital Program For Productive Assets	Design and construct productive assets
10.2.2	20139	Design and plan asset construction	10.2.2-DesignAndPlanAssetConstruction	Design	And Plan Asset Construction	Design and construct productive assets
10.2.3	19229	Schedule and perform construction work	10.2.3-ScheduleAndPerformConstructionWork	Schedule	And Perform Construction Work	Design and construct productive assets
10.2.4	19224	Manage asset construction	10.2.4-ManageAssetConstruction	Manage	Asset Construction	Design and construct productive assets
10.3.1	19239	Plan asset maintenance	10.3.1-PlanAssetMaintenance	Plan	Asset Maintenance	Maintain productive assets
10.3.2	19245	Manage asset maintenance	10.3.2-ManageAssetMaintenance	Manage	Asset Maintenance	Maintain productive assets
10.3.3	19253	Perform asset maintenance	10.3.3-PerformAssetMaintenance	Perform	Asset Maintenance	Maintain productive assets
10.4.1	10952	Develop exit strategy	10.4.1-DevelopExitStrategy	Develop	Exit Strategy	Dispose of assets
10.4.2	19258	Decommission productive assets	10.4.2-DecommissionProductiveAssets	Decommission	Productive Assets	Dispose of assets
10.4.3	10953	Perform sale or trade	10.4.3-PerformSaleOrTrade	Perform	Sale Or Trade	Dispose of assets
10.4.4	10954	Perform abandonment	10.4.4-PerformAbandonment	Perform	Abandonment	Dispose of assets
10.4.5	16970	Perform waste and hazardous goods management	10.4.5-PerformWasteAndHazardousGoodsManagement	Perform	Waste And Hazardous Goods Management	Dispose of assets
11.1.1	16439	Establish the enterprise risk framework and policies	11.1.1-EstablishTheEnterpriseRiskFrameworkAndPolicies	Establish	Enterprise Risk Framework And Policies	Manage enterprise risk
11.1.2	16445	Oversee and coordinate enterprise risk management activities	11.1.2-OverseeAndCoordinateEnterpriseRiskManagementActivities	Oversee	And Coordinate Enterprise Risk Management Activities	Manage enterprise risk
11.1.3	16452	Coordinate business unit and functional risk management activities	11.1.3-CoordinateBusinessUnitAndFunctionalRiskManagementActivities	Coordinate	Business Unit And Functional Risk Management Activities	Manage enterprise risk
11.1.4	17462	Manage business unit and function risk	11.1.4-ManageBusinessUnitAndFunctionRisk	Manage	Business Unit And Function Risk	Manage enterprise risk
11.2.1	17468	Establish compliance framework and policies	11.2.1-EstablishComplianceFrameworkAndPolicies	Establish	Compliance Framework And Policies	Manage compliance
11.2.2	16463	Manage regulatory compliance	11.2.2-ManageRegulatoryCompliance	Manage	Regulatory Compliance	Manage compliance
11.3.1	11201	Create remediation plans	11.3.1-CreateRemediationPlans	Create	Remediation Plans	Manage remediation efforts
11.3.2	11202	Contact and confer with experts	11.3.2-ContactAndConferWithExperts	Contact	And Confer With Experts	Manage remediation efforts
11.3.3	11203	Identify/Dedicate resources	11.3.3-IdentifyDedicateResources	Identify/Dedicate	Resources	Manage remediation efforts
11.3.4	11204	Investigate legal aspects	11.3.4-InvestigateLegalAspects	Investigate	Legal Aspects	Manage remediation efforts
11.3.5	11205	Investigate damage cause	11.3.5-InvestigateDamageCause	Investigate	Damage Cause	Manage remediation efforts
11.3.6	11206	Amend or create policy	11.3.6-AmendOrCreatePolicy	Amend	Or Create Policy	Manage remediation efforts
11.4.1	11221	Develop the business resilience strategy	11.4.1-DevelopTheBusinessResilienceStrategy	Develop	Business Resilience Strategy	Manage business resiliency
11.4.2	11222	Perform continuous business operations planning	11.4.2-PerformContinuousBusinessOperationsPlanning	Perform	Continuous Business Operations Planning	Manage business resiliency
11.4.3	11223	Test continuous business operations	11.4.3-TestContinuousBusinessOperations	Test	Continuous Business Operations	Manage business resiliency
11.4.4	11224	Maintain continuous business operations	11.4.4-MaintainContinuousBusinessOperations	Maintain	Continuous Business Operations	Manage business resiliency
11.4.5	16471	Share knowledge of specific risks across other parts of the organization	11.4.5-ShareKnowledgeOfSpecificRisksAcrossOtherPartsOfTheOrganization	Share	Knowledge Of Specific Risks Across Other Parts Of Organization	Manage business resiliency
12.1.1	11035	Plan, build, and manage lender relations	12.1.1-PlanBuildAndManageLenderRelations	Plan,	Build, And Manage Lender Relations	Build investor relationships
12.1.2	11036	Plan, build, and manage analyst relations	12.1.2-PlanBuildAndManageAnalystRelations	Plan,	Build, And Manage Analyst Relations	Build investor relationships
12.1.3	11037	Communicate with shareholders	12.1.3-CommunicateWithShareholders	Communicate	With Shareholders	Build investor relationships
12.1.4	11649	Plan, build, and manage stakeholder relations	12.1.4-PlanBuildAndManageStakeholderRelations	Plan,	Build, And Manage Stakeholder Relations	Build investor relationships
12.2.1	11038	Manage government relations	12.2.1-ManageGovernmentRelations	Manage	Government Relations	Manage government and industry relationships
12.2.2	11039	Manage relations with quasi-government bodies	12.2.2-ManageRelationsWithQuasiGovernmentBodies	Manage	Relations With Quasi-government Bodies	Manage government and industry relationships
12.2.3	11040	Manage relations with trade or industry groups	12.2.3-ManageRelationsWithTradeOrIndustryGroups	Manage	Relations With Trade Or Industry Groups	Manage government and industry relationships
12.2.4	11041	Manage lobby activities	12.2.4-ManageLobbyActivities	Manage	Lobby Activities	Manage government and industry relationships
12.3.1	11042	Report financial results	12.3.1-ReportFinancialResults	Report	Financial Results	Manage relations with board of directors
12.3.2	11043	Report audit findings	12.3.2-ReportAuditFindings	Report	Audit Findings	Manage relations with board of directors
12.3.3	11652	Nominate and elect board of directors	12.3.3-NominateAndElectBoardOfDirectors	Nominate	And Elect Board Of Directors	Manage relations with board of directors
12.3.4	11653	Report material transactions, securities and exchange commission (SEC) reporting, etc. to BOD	12.3.4-ReportMaterialTransactionsSecuritiesAndExchangeCommissionSecReportingEtcToBod	Report	Material Transactions, Securities And Exchange Commission (SEC) Reporting, Etc. To BOD	Manage relations with board of directors
12.4.1	11654	Manage ethics policies and procedures	12.4.1-ManageEthicsPoliciesAndProcedures	Manage	Ethics Policies And Procedures	Manage legal and ethical issues
12.4.2	11044	Create ethics policies	12.4.2-CreateEthicsPolicies	Create	Ethics Policies	Manage legal and ethical issues
12.4.3	11045	Manage corporate governance policies	12.4.3-ManageCorporateGovernancePolicies	Manage	Corporate Governance Policies	Manage legal and ethical issues
12.4.4	11046	Develop and perform preventive law programs	12.4.4-DevelopAndPerformPreventiveLawPrograms	Develop	And Perform Preventive Law Programs	Manage legal and ethical issues
12.4.5	11047	Ensure compliance	12.4.5-EnsureCompliance	Ensure	Compliance	Manage legal and ethical issues
12.4.6	11657	Develop legal policies and procedures	12.4.6-DevelopLegalPoliciesAndProcedures	Develop	Legal Policies And Procedures	Manage legal and ethical issues
12.4.7	11048	Manage outside counsel	12.4.7-ManageOutsideCounsel	Manage	Outside Counsel	Manage legal and ethical issues
12.4.8	11049	Protect intellectual property	12.4.8-ProtectIntellectualProperty	Protect	Intellectual Property	Manage legal and ethical issues
12.4.9	11050	Resolve disputes and litigations	12.4.9-ResolveDisputesAndLitigations	Resolve	Disputes And Litigations	Manage legal and ethical issues
12.4.10	11051	Provide legal advice/counseling	12.4.10-ProvideLegalAdviceCounseling	Provide	Legal Advice/counseling	Manage legal and ethical issues
12.4.11	11052	Negotiate and document agreements/contracts	12.4.11-NegotiateAndDocumentAgreementsContracts	Negotiate	And Document Agreements/contracts	Manage legal and ethical issues
12.5.1	11066	Manage community relations	12.5.1-ManageCommunityRelations	Manage	Community Relations	Manage public relations program
12.5.2	11067	Manage media relations	12.5.2-ManageMediaRelations	Manage	Media Relations	Manage public relations program
12.5.3	11068	Promote political stability	12.5.3-PromotePoliticalStability	Promote	Political Stability	Manage public relations program
12.5.4	11069	Create press releases	12.5.4-CreatePressReleases	Create	Press Releases	Manage public relations program
12.5.5	11070	Issue press releases	12.5.5-IssuePressReleases	Issue	Press Releases	Manage public relations program
13.1.1	16379	Establish and maintain process management governance	13.1.1-EstablishAndMaintainProcessManagementGovernance	Establish	And Maintain Process Management Governance	Manage business processes
13.1.2	16384	Define and manage process frameworks	13.1.2-DefineAndManageProcessFrameworks	Define	And Manage Process Frameworks	Manage business processes
13.1.3	16387	Define processes	13.1.3-DefineProcesses	Define	Processes	Manage business processes
13.1.4	16392	Manage process performance	13.1.4-ManageProcessPerformance	Manage	Process Performance	Manage business processes
13.1.5	16396	Improve processes	13.1.5-ImproveProcesses	Improve	Processes	Manage business processes
13.2.1	16401	Manage portfolio	13.2.1-ManagePortfolio	Manage	Portfolio	Manage portfolio, program, and project
13.2.2	16405	Manage programs	13.2.2-ManagePrograms	Manage	Programs	Manage portfolio, program, and project
13.2.3	16410	Manage projects	13.2.3-ManageProjects	Manage	Projects	Manage portfolio, program, and project
13.3.1	17472	Establish quality requirements	13.3.1-EstablishQualityRequirements	Establish	Quality Requirements	Manage enterprise quality
13.3.2	17482	Evaluate performance to requirements	13.3.2-EvaluatePerformanceToRequirements	Evaluate	Performance To Requirements	Manage enterprise quality
13.3.3	17492	Manage non-conformance	13.3.3-ManageNonConformance	Manage	Non-conformance	Manage enterprise quality
13.3.4	17498	Implement and maintain the enterprise quality management system (EQMS)	13.3.4-ImplementAndMaintainTheEnterpriseQualityManagementSystemEqms	Implement	And Maintain Enterprise Quality Management System (EQMS)	Manage enterprise quality
13.4.1	11134	Plan for change	13.4.1-PlanForChange	Plan	For Change	Manage change
13.4.2	11135	Design the change	13.4.2-DesignTheChange	Design	Change	Manage change
13.4.3	11136	Implement change	13.4.3-ImplementChange	Implement	Change	Manage change
13.4.4	11137	Sustain improvement	13.4.4-SustainImprovement	Sustain	Improvement	Manage change
13.5.1	11095	Develop KM strategy	13.5.1-DevelopKmStrategy	Develop	KM Strategy	Develop and manage enterprise-wide knowledge management (KM) capability
13.5.2	11096	Assess KM capabilities	13.5.2-AssessKmCapabilities	Assess	KM Capabilities	Develop and manage enterprise-wide knowledge management (KM) capability
13.5.3	20965	Design and implement KM capabilities	13.5.3-DesignAndImplementKmCapabilities	Design	And Implement KM Capabilities	Develop and manage enterprise-wide knowledge management (KM) capability
13.5.4	20969	Evolve and sustain KM capabilities	13.5.4-EvolveAndSustainKmCapabilities	Evolve	And Sustain KM Capabilities	Develop and manage enterprise-wide knowledge management (KM) capability
13.6.1	11071	Create and manage organizational performance strategy	13.6.1-CreateAndManageOrganizationalPerformanceStrategy	Create	And Manage Organizational Performance Strategy	Measure and benchmark
13.6.2	11072	Benchmark performance	13.6.2-BenchmarkPerformance	Benchmark	Performance	Measure and benchmark
13.6.3	20147	Evaluate process performance	13.6.3-EvaluateProcessPerformance	Evaluate	Process Performance	Measure and benchmark
13.7.1	11180	Determine environmental health and safety impacts	13.7.1-DetermineEnvironmentalHealthAndSafetyImpacts	Determine	Environmental Health And Safety Impacts	Manage environmental health and safety (EHS)
13.7.2	11181	Develop and execute functional EHS program	13.7.2-DevelopAndExecuteFunctionalEhsProgram	Develop	And Execute Functional EHS Program	Manage environmental health and safety (EHS)
13.7.3	11182	Train and educate functional employees	13.7.3-TrainAndEducateFunctionalEmployees	Train	And Educate Functional Employees	Manage environmental health and safety (EHS)
13.7.4	11183	Monitor and manage functional EHS management program	13.7.4-MonitorAndManageFunctionalEhsManagementProgram	Monitor	And Manage Functional EHS Management Program	Manage environmental health and safety (EHS)
13.8.1	20960	Develop and manage hypotheses	13.8.1-DevelopAndManageHypotheses	Develop	And Manage Hypotheses	Develop, Manage, and Deliver Analytics
13.8.2	20961	Collect data	13.8.2-CollectData	Collect	Data	Develop, Manage, and Deliver Analytics
13.8.3	20962	Analyze data	13.8.3-AnalyzeData	Analyze	Data	Develop, Manage, and Deliver Analytics
13.8.4	20963	Report on data	13.8.4-ReportOnData	Report	On Data	Develop, Manage, and Deliver Analytics
13.8.5	20964	Identify remedial actions	13.8.5-IdentifyRemedialActions	Identify	Remedial Actions	Develop, Manage, and Deliver Analytics
